{
  "schemaVersion": 1,
  "id": "inertia",
  "name": "Inertia Client",
  "description": "The most advanced utility mod for minecraft.",
  "version": "1.16.5",
  "side": "client",
  "environment": "client",
  "icon": "assets/minecraft/textures/inertia/logos/squareredicon.png",
  "contact": {
    "email": "developer@inertiaclient.com",
    "homepage": "https://inertiaclient.com",
    "issues": "https://github.com/THEREALWWEFAN231/Inertia/issues"
  },
  "authors": [
    "IKnowImEZ/THEREALWWEFAN231"
  ],
  "initializers": [
    "inertia.VLWZ"
  ],
  "custom": {
    "mm:early_risers": [
      "inertia.VLWZ"
    ]
  },
  "jars": [
    {
      "file": "META-INF/jars/Fabric-ASM-v2.0.1.jar"
    }
  ]
}