{"mappings":{"baritone/launch/mixins/MixinChunkArray":{"net.minecraft.client.multiplayer.ClientChunkProvider$ChunkArray":"net/minecraft/class_631$class_3681"},"baritone/launch/mixins/MixinClientPlayNetHandler":{"handleBlockChange":"Lnet/minecraft/class_634;method_11136(Lnet/minecraft/class_2626;)V","handleChunkData":"Lnet/minecraft/class_634;method_11128(Lnet/minecraft/class_2672;)V","handleCombatEvent":"Lnet/minecraft/class_634;method_11133(Lnet/minecraft/class_2698;)V","handleMultiBlockChange":"Lnet/minecraft/class_634;method_11100(Lnet/minecraft/class_2637;)V","net/minecraft/client/Minecraft.displayGuiScreen(Lnet/minecraft/client/gui/screen/Screen;)V":"Lnet/minecraft/class_310;method_1507(Lnet/minecraft/class_437;)V"},"baritone/launch/mixins/MixinClientPlayerEntity":{"livingTick":"Lnet/minecraft/class_746;method_6007()V","net/minecraft/client/entity/player/ClientPlayerEntity.isPassenger()Z":"Lnet/minecraft/class_746;method_5765()Z","net/minecraft/client/entity/player/ClientPlayerEntity.onUpdateWalkingPlayer()V":"Lnet/minecraft/class_746;method_3136()V","net/minecraft/client/settings/KeyBinding.isKeyDown()Z":"Lnet/minecraft/class_304;method_1434()Z","net/minecraft/entity/player/PlayerAbilities.allowFlying:Z":"Lnet/minecraft/class_1656;field_7478:Z","sendChatMessage":"Lnet/minecraft/class_746;method_3142(Ljava/lang/String;)V","tick":"Lnet/minecraft/class_746;method_5773()V","updateRidden":"Lnet/minecraft/class_746;method_5842()V"},"baritone/launch/mixins/MixinCommandSuggestionHelper":{"init":"Lnet/minecraft/class_4717;method_23934()V"},"baritone/launch/mixins/MixinEntity":{"moveRelative":"Lnet/minecraft/class_1297;method_5724(FLnet/minecraft/class_243;)V"},"baritone/launch/mixins/MixinItemStack":{"setDamage":"Lnet/minecraft/class_1799;method_7974(I)V"},"baritone/launch/mixins/MixinLivingEntity":{"jump":"Lnet/minecraft/class_1309;method_6043()V","net/minecraft/entity/LivingEntity.rotationYaw:F":"Lnet/minecraft/class_1309;field_6031:F"},"baritone/launch/mixins/MixinLootContext":{"build":"Lnet/minecraft/class_47$class_48;method_309(Lnet/minecraft/class_176;)Lnet/minecraft/class_47;","net/minecraft/server/MinecraftServer.func_229736_aP_()Lnet/minecraft/loot/LootPredicateManager;":"Lnet/minecraft/server/MinecraftServer;method_22828()Lnet/minecraft/class_4567;","net/minecraft/server/MinecraftServer.getLootTableManager()Lnet/minecraft/loot/LootTableManager;":"Lnet/minecraft/server/MinecraftServer;method_3857()Lnet/minecraft/class_60;","net/minecraft/world/server/ServerWorld.getServer()Lnet/minecraft/server/MinecraftServer;":"Lnet/minecraft/class_3218;method_8503()Lnet/minecraft/server/MinecraftServer;"},"baritone/launch/mixins/MixinMinecraft":{"loadWorld(Lnet/minecraft/client/world/ClientWorld;)V":"Lnet/minecraft/class_310;method_1481(Lnet/minecraft/class_638;)V","net/minecraft/client/Minecraft.currentScreen:Lnet/minecraft/client/gui/screen/Screen;":"Lnet/minecraft/class_310;field_1755:Lnet/minecraft/class_437;","net/minecraft/client/gui/screen/Screen.passEvents:Z":"Lnet/minecraft/class_437;field_22792:Z","runTick":"Lnet/minecraft/class_310;method_1574()V"},"baritone/launch/mixins/MixinNetworkManager":{"channelRead0":"Lnet/minecraft/class_2535;method_10770(Lio/netty/channel/ChannelHandlerContext;Lnet/minecraft/class_2596;)V","dispatchPacket":"Lnet/minecraft/class_2535;method_10764(Lnet/minecraft/class_2596;Lio/netty/util/concurrent/GenericFutureListener;)V","net/minecraft/network/NetworkManager.processPacket(Lnet/minecraft/network/IPacket;Lnet/minecraft/network/INetHandler;)V":"Lnet/minecraft/class_2535;method_10759(Lnet/minecraft/class_2596;Lnet/minecraft/class_2547;)V"},"baritone/launch/mixins/MixinPlayerController":{"currentBlock":"field_3714:Lnet/minecraft/class_2338;","isHittingBlock":"field_3717:Z","syncCurrentPlayItem":"method_2911()V"},"baritone/launch/mixins/MixinScreen":{"openLink":"method_25416(Ljava/net/URI;)V"},"baritone/launch/mixins/MixinWorldRenderer":{"updateCameraAndRender":"Lnet/minecraft/class_761;method_22710(Lnet/minecraft/class_4587;FJZLnet/minecraft/class_4184;Lnet/minecraft/class_757;Lnet/minecraft/class_765;Lnet/minecraft/class_1159;)V"}},"data":{"named:intermediary":{"baritone/launch/mixins/MixinChunkArray":{"net.minecraft.client.multiplayer.ClientChunkProvider$ChunkArray":"net/minecraft/class_631$class_3681"},"baritone/launch/mixins/MixinClientPlayNetHandler":{"handleBlockChange":"Lnet/minecraft/class_634;method_11136(Lnet/minecraft/class_2626;)V","handleChunkData":"Lnet/minecraft/class_634;method_11128(Lnet/minecraft/class_2672;)V","handleCombatEvent":"Lnet/minecraft/class_634;method_11133(Lnet/minecraft/class_2698;)V","handleMultiBlockChange":"Lnet/minecraft/class_634;method_11100(Lnet/minecraft/class_2637;)V","net/minecraft/client/Minecraft.displayGuiScreen(Lnet/minecraft/client/gui/screen/Screen;)V":"Lnet/minecraft/class_310;method_1507(Lnet/minecraft/class_437;)V"},"baritone/launch/mixins/MixinClientPlayerEntity":{"livingTick":"Lnet/minecraft/class_746;method_6007()V","net/minecraft/client/entity/player/ClientPlayerEntity.isPassenger()Z":"Lnet/minecraft/class_746;method_5765()Z","net/minecraft/client/entity/player/ClientPlayerEntity.onUpdateWalkingPlayer()V":"Lnet/minecraft/class_746;method_3136()V","net/minecraft/client/settings/KeyBinding.isKeyDown()Z":"Lnet/minecraft/class_304;method_1434()Z","net/minecraft/entity/player/PlayerAbilities.allowFlying:Z":"Lnet/minecraft/class_1656;field_7478:Z","sendChatMessage":"Lnet/minecraft/class_746;method_3142(Ljava/lang/String;)V","tick":"Lnet/minecraft/class_746;method_5773()V","updateRidden":"Lnet/minecraft/class_746;method_5842()V"},"baritone/launch/mixins/MixinCommandSuggestionHelper":{"init":"Lnet/minecraft/class_4717;method_23934()V"},"baritone/launch/mixins/MixinEntity":{"moveRelative":"Lnet/minecraft/class_1297;method_5724(FLnet/minecraft/class_243;)V"},"baritone/launch/mixins/MixinItemStack":{"setDamage":"Lnet/minecraft/class_1799;method_7974(I)V"},"baritone/launch/mixins/MixinLivingEntity":{"jump":"Lnet/minecraft/class_1309;method_6043()V","net/minecraft/entity/LivingEntity.rotationYaw:F":"Lnet/minecraft/class_1309;field_6031:F"},"baritone/launch/mixins/MixinLootContext":{"build":"Lnet/minecraft/class_47$class_48;method_309(Lnet/minecraft/class_176;)Lnet/minecraft/class_47;","net/minecraft/server/MinecraftServer.func_229736_aP_()Lnet/minecraft/loot/LootPredicateManager;":"Lnet/minecraft/server/MinecraftServer;method_22828()Lnet/minecraft/class_4567;","net/minecraft/server/MinecraftServer.getLootTableManager()Lnet/minecraft/loot/LootTableManager;":"Lnet/minecraft/server/MinecraftServer;method_3857()Lnet/minecraft/class_60;","net/minecraft/world/server/ServerWorld.getServer()Lnet/minecraft/server/MinecraftServer;":"Lnet/minecraft/class_3218;method_8503()Lnet/minecraft/server/MinecraftServer;"},"baritone/launch/mixins/MixinMinecraft":{"loadWorld(Lnet/minecraft/client/world/ClientWorld;)V":"Lnet/minecraft/class_310;method_1481(Lnet/minecraft/class_638;)V","net/minecraft/client/Minecraft.currentScreen:Lnet/minecraft/client/gui/screen/Screen;":"Lnet/minecraft/class_310;field_1755:Lnet/minecraft/class_437;","net/minecraft/client/gui/screen/Screen.passEvents:Z":"Lnet/minecraft/class_437;field_22792:Z","runTick":"Lnet/minecraft/class_310;method_1574()V"},"baritone/launch/mixins/MixinNetworkManager":{"channelRead0":"Lnet/minecraft/class_2535;method_10770(Lio/netty/channel/ChannelHandlerContext;Lnet/minecraft/class_2596;)V","dispatchPacket":"Lnet/minecraft/class_2535;method_10764(Lnet/minecraft/class_2596;Lio/netty/util/concurrent/GenericFutureListener;)V","net/minecraft/network/NetworkManager.processPacket(Lnet/minecraft/network/IPacket;Lnet/minecraft/network/INetHandler;)V":"Lnet/minecraft/class_2535;method_10759(Lnet/minecraft/class_2596;Lnet/minecraft/class_2547;)V"},"baritone/launch/mixins/MixinPlayerController":{"currentBlock":"field_3714:Lnet/minecraft/class_2338;","isHittingBlock":"field_3717:Z","syncCurrentPlayItem":"method_2911()V"},"baritone/launch/mixins/MixinScreen":{"openLink":"method_25416(Ljava/net/URI;)V"},"baritone/launch/mixins/MixinWorldRenderer":{"updateCameraAndRender":"Lnet/minecraft/class_761;method_22710(Lnet/minecraft/class_4587;FJZLnet/minecraft/class_4184;Lnet/minecraft/class_757;Lnet/minecraft/class_765;Lnet/minecraft/class_1159;)V"}}}}