{"mappings":{"inertia/XTUO/sqXO":{"Lnet/minecraft/client/render/Camera;moveBy(DDD)V":"Lnet/minecraft/class_4184;method_19324(DDD)V","update":"Lnet/minecraft/class_4184;method_19321(Lnet/minecraft/class_1922;Lnet/minecraft/class_1297;ZZF)V"},"inertia/XTUO/OeSq":{"getCapeTexture":"Lnet/minecraft/class_742;method_3119()Lnet/minecraft/class_2960;"},"inertia/XTUO/qmZS":{"lastNetherPortalPosition":"field_5991:Lnet/minecraft/class_2338;","FLAGS":"field_5990:Lnet/minecraft/class_2940;","inNetherPortal":"field_5963:Z"},"inertia/XTUO/LrYI":{"PLAYER_MODEL_PARTS":"field_7518:Lnet/minecraft/class_2940;"},"inertia/XTUO/lRXQ":{"enabledPlayerModelParts":"field_1892:Ljava/util/Set;"},"inertia/XTUO/YxNV":{"beginRenderTick":"Lnet/minecraft/class_317;method_1658(J)I"},"inertia/XTUO/LJMJ":{"drawLayer":"method_1724(Ljava/lang/String;FFIZLnet/minecraft/class_1159;Lnet/minecraft/class_4597;ZII)F"},"inertia/XTUO/UDPO":{"drawStatusEffectDescriptions":"Lnet/minecraft/class_485;method_18644(Lnet/minecraft/class_4587;IILjava/lang/Iterable;)V","drawStatusEffects":"Lnet/minecraft/class_485;method_2477(Lnet/minecraft/class_4587;)V","com/mojang/blaze3d/platform/GlStateManager.color4f(FFFF)V":"Lnet/minecraft/class_4493;method_22000(FFFF)V","Lnet/minecraft/client/font/TextRenderer;drawWithShadow(Lnet/minecraft/client/util/math/MatrixStack;Ljava/lang/String;FFI)I":"Lnet/minecraft/class_327;method_1720(Lnet/minecraft/class_4587;Ljava/lang/String;FFI)I"},"inertia/XTUO/mTmO":{"net.minecraft.client.world.ClientChunkManager$ClientChunkMap":"net/minecraft/class_631$class_3681","compareAndSet(ILnet/minecraft/world/chunk/WorldChunk;Lnet/minecraft/world/chunk/WorldChunk;)Lnet/minecraft/world/chunk/WorldChunk;":"Lnet/minecraft/class_631$class_3681;method_20183(ILnet/minecraft/class_2818;Lnet/minecraft/class_2818;)Lnet/minecraft/class_2818;"},"inertia/XTUO/VLfG":{"isOpaqueFullCube":"Lnet/minecraft/class_4970$class_4971;method_26216(Lnet/minecraft/class_1922;Lnet/minecraft/class_2338;)Z"},"inertia/XTUO/GwRr":{"blockBreakingCooldown":"field_3716:I","currentBreakingProgress":"field_3715:F"},"inertia/XTUO/KcFf":{"method_30010":"Lnet/minecraft/class_1703;method_30010(IILnet/minecraft/class_1713;Lnet/minecraft/class_1657;)Lnet/minecraft/class_1799;"},"inertia/XTUO/hSaa":{"renderFireOverlay":"Lnet/minecraft/class_4603;method_23070(Lnet/minecraft/class_310;Lnet/minecraft/class_4587;)V"},"inertia/XTUO/wfcI":{"chatMessage":"field_12764:Ljava/lang/String;"},"inertia/XTUO/udkc":{"Lnet/minecraft/util/math/MathHelper;clamp(FFF)F":"Lnet/minecraft/class_3532;method_15363(FFF)F","updateHeldItems":"Lnet/minecraft/class_759;method_3220()V"},"inertia/XTUO/hBns":{"keyPressed":"Lnet/minecraft/class_342;method_25404(III)Z","charTyped":"Lnet/minecraft/class_342;method_25400(CI)Z"},"inertia/XTUO/Ldkg":{"text":"field_24285:[Ljava/lang/String;"},"inertia/XTUO/fpAl":{"x":"field_5258:I","y":"field_5256:I"},"inertia/XTUO/WoBC":{"drawBackground":"method_2389(Lnet/minecraft/class_4587;FII)V"},"inertia/XTUO/IObr":{"init":"Lnet/minecraft/class_498;method_25426()V","tick":"Lnet/minecraft/class_498;method_25393()V","render":"Lnet/minecraft/class_498;method_25394(Lnet/minecraft/class_4587;IIF)V"},"inertia/XTUO/pzMx":{"saveAndClose":"Lnet/minecraft/class_420;method_2167()V"},"inertia/XTUO/xOeQ":{"isSaddled":"Lnet/minecraft/class_1496;method_6725()Z","getJumpStrength":"Lnet/minecraft/class_1496;method_6771()D"},"inertia/XTUO/gixc":{"depthAttachment":"field_1474:I"},"inertia/XTUO/rqVl":{"blockBreakingInfos":"field_4058:Lit/unimi/dsi/fastutil/ints/Int2ObjectMap;"},"inertia/XTUO/zblK":{"onSyncedBlockEvent":"Lnet/minecraft/class_2428;method_9592(Lnet/minecraft/class_2680;Lnet/minecraft/class_1937;Lnet/minecraft/class_2338;II)Z"},"inertia/XTUO/yZHi":{"KEYS":"field_1664:Ljava/util/Map;"},"inertia/XTUO/OxRK":{"selectionStart":"field_2102:I","editable":"field_2094:Z","selectionEnd":"field_2101:I","focusedTicks":"field_2107:I","textRenderer":"field_2105:Lnet/minecraft/class_327;","editableColor":"field_2100:I","drawSelectionHighlight":"method_1886(IIII)V","uneditableColor":"field_2098:I","focused":"field_2095:Z","focusUnlocked":"field_2096:Z","text":"field_2092:Ljava/lang/String;","firstCharacterIndex":"field_2103:I","renderTextProvider":"field_2099:Ljava/util/function/BiFunction;","maxLength":"field_2108:I"},"inertia/XTUO/sKeJ":{"Lnet/minecraft/client/render/RenderLayer$MultiPhaseParameters$Builder;target(Lnet/minecraft/client/render/RenderPhase$Target;)Lnet/minecraft/client/render/RenderLayer$MultiPhaseParameters$Builder;":"Lnet/minecraft/class_1921$class_4688$class_4689;method_23610(Lnet/minecraft/class_4668$class_4678;)Lnet/minecraft/class_1921$class_4688$class_4689;","getOutline(Lnet/minecraft/util/Identifier;Lnet/minecraft/client/render/RenderPhase$Cull;)Lnet/minecraft/client/render/RenderLayer;":"Lnet/minecraft/class_1921;method_24468(Lnet/minecraft/class_2960;Lnet/minecraft/class_4668$class_4671;)Lnet/minecraft/class_1921;"},"inertia/XTUO/gDWF":{"inventory":"field_7836:Lnet/minecraft/class_1263;"},"inertia/XTUO/ZGak":{"isShapeFullCube":"Lnet/minecraft/class_2248;method_9614(Lnet/minecraft/class_265;)Z","getVelocityMultiplier":"Lnet/minecraft/class_2248;method_23349()F"},"inertia/XTUO/oIaA":{"onGround":"field_12891:Z","y":"field_12886:D","pitch":"field_12885:F","yaw":"field_12887:F"},"inertia/XTUO/VXLU":{"doItemUse":"Lnet/minecraft/class_310;method_1583()V","openScreen":"Lnet/minecraft/class_310;method_1507(Lnet/minecraft/class_437;)V","doItemPick":"Lnet/minecraft/class_310;method_1511()V","Lnet/minecraft/client/gui/screen/Screen;init(Lnet/minecraft/client/MinecraftClient;II)V":"Lnet/minecraft/class_437;method_25423(Lnet/minecraft/class_310;II)V"},"inertia/XTUO/DRne":{"updateBlockBreakingProgress":"Lnet/minecraft/class_636;method_2902(Lnet/minecraft/class_2338;Lnet/minecraft/class_2350;)Z","Lnet/minecraft/world/World;setBlockState(Lnet/minecraft/util/math/BlockPos;Lnet/minecraft/block/BlockState;I)Z":"Lnet/minecraft/class_1937;method_8652(Lnet/minecraft/class_2338;Lnet/minecraft/class_2680;I)Z","breakBlock":"Lnet/minecraft/class_636;method_2899(Lnet/minecraft/class_2338;)Z","attackEntity":"Lnet/minecraft/class_636;method_2918(Lnet/minecraft/class_1657;Lnet/minecraft/class_1297;)V","Lnet/minecraft/block/Block;onBreak(Lnet/minecraft/world/World;Lnet/minecraft/util/math/BlockPos;Lnet/minecraft/block/BlockState;Lnet/minecraft/entity/player/PlayerEntity;)V":"Lnet/minecraft/class_2248;method_9576(Lnet/minecraft/class_1937;Lnet/minecraft/class_2338;Lnet/minecraft/class_2680;Lnet/minecraft/class_1657;)V","interactBlock":"Lnet/minecraft/class_636;method_2896(Lnet/minecraft/class_746;Lnet/minecraft/class_638;Lnet/minecraft/class_1268;Lnet/minecraft/class_3965;)Lnet/minecraft/class_1269;"},"inertia/XTUO/ENlO":{"pitch":"field_12391:F","yaw":"field_12393:F"},"inertia/XTUO/zInK":{"getModel":"Lnet/minecraft/class_776;method_3349(Lnet/minecraft/class_2680;)Lnet/minecraft/class_1087;","renderBlock":"Lnet/minecraft/class_776;method_3355(Lnet/minecraft/class_2680;Lnet/minecraft/class_2338;Lnet/minecraft/class_1920;Lnet/minecraft/class_4587;Lnet/minecraft/class_4588;ZLjava/util/Random;)Z"},"inertia/XTUO/eViY":{"render":"Lnet/minecraft/class_778;method_3374(Lnet/minecraft/class_1920;Lnet/minecraft/class_1087;Lnet/minecraft/class_2680;Lnet/minecraft/class_2338;Lnet/minecraft/class_4587;Lnet/minecraft/class_4588;ZLjava/util/Random;JI)Z","Lnet/minecraft/client/render/block/BlockModelRenderer;renderSmooth(Lnet/minecraft/world/BlockRenderView;Lnet/minecraft/client/render/model/BakedModel;Lnet/minecraft/block/BlockState;Lnet/minecraft/util/math/BlockPos;Lnet/minecraft/client/util/math/MatrixStack;Lnet/minecraft/client/render/VertexConsumer;ZLjava/util/Random;JI)Z":"Lnet/minecraft/class_778;method_3361(Lnet/minecraft/class_1920;Lnet/minecraft/class_1087;Lnet/minecraft/class_2680;Lnet/minecraft/class_2338;Lnet/minecraft/class_4587;Lnet/minecraft/class_4588;ZLjava/util/Random;JI)Z","Lnet/minecraft/client/render/block/BlockModelRenderer;renderFlat(Lnet/minecraft/world/BlockRenderView;Lnet/minecraft/client/render/model/BakedModel;Lnet/minecraft/block/BlockState;Lnet/minecraft/util/math/BlockPos;Lnet/minecraft/client/util/math/MatrixStack;Lnet/minecraft/client/render/VertexConsumer;ZLjava/util/Random;JI)Z":"Lnet/minecraft/class_778;method_3373(Lnet/minecraft/class_1920;Lnet/minecraft/class_1087;Lnet/minecraft/class_2680;Lnet/minecraft/class_2338;Lnet/minecraft/class_4587;Lnet/minecraft/class_4588;ZLjava/util/Random;JI)Z"},"inertia/XTUO/xrTn":{"draw(Ljava/lang/String;FFIZLnet/minecraft/util/math/Matrix4f;Lnet/minecraft/client/render/VertexConsumerProvider;ZIIZ)I":"Lnet/minecraft/class_327;method_27522(Ljava/lang/String;FFIZLnet/minecraft/class_1159;Lnet/minecraft/class_4597;ZIIZ)I"},"inertia/XTUO/IrIp":{"attack":"Lnet/minecraft/class_1657;method_7324(Lnet/minecraft/class_1297;)V","canFly":"Lnet/minecraft/class_1657;method_5675()Z","getAttackCooldownProgressPerTick":"Lnet/minecraft/class_1657;method_7279()F"},"inertia/XTUO/OVph":{"net.minecraft.network.ClientConnection$1":"net/minecraft/class_2535$1"},"inertia/XTUO/bUGs":{"send(Lnet/minecraft/network/Packet;)V":"Lnet/minecraft/class_2535;method_10743(Lnet/minecraft/class_2596;)V","channelRead0":"Lnet/minecraft/class_2535;method_10770(Lio/netty/channel/ChannelHandlerContext;Lnet/minecraft/class_2596;)V"},"inertia/XTUO/MEkd":{"width":"field_22758:I","x":"field_22760:I","focused":"field_22756:Z","y":"field_22761:I","hovered":"field_22762:Z","height":"field_22759:I"},"inertia/XTUO/pkKL":{"render":"method_23079(Lnet/minecraft/class_827;Lnet/minecraft/class_2586;FLnet/minecraft/class_4587;Lnet/minecraft/class_4597;)V"},"inertia/XTUO/TBpK":{"y":"field_12897:D"},"inertia/XTUO/vJUb":{"render":"Lnet/minecraft/class_897;method_3936(Lnet/minecraft/class_1297;FFLnet/minecraft/class_4587;Lnet/minecraft/class_4597;I)V","renderLabelIfPresent(Lnet/minecraft/entity/Entity;Lnet/minecraft/text/Text;Lnet/minecraft/client/util/math/MatrixStack;Lnet/minecraft/client/render/VertexConsumerProvider;I)V":"Lnet/minecraft/class_897;method_3926(Lnet/minecraft/class_1297;Lnet/minecraft/class_2561;Lnet/minecraft/class_4587;Lnet/minecraft/class_4597;I)V"},"inertia/XTUO/tFmd":{"getRenderType":"Lnet/minecraft/class_4970;method_9604(Lnet/minecraft/class_2680;)Lnet/minecraft/class_2464;","getAmbientOcclusionLightLevel":"Lnet/minecraft/class_4970;method_9575(Lnet/minecraft/class_2680;Lnet/minecraft/class_1922;Lnet/minecraft/class_2338;)F"},"inertia/XTUO/SZJW":{"textures":"field_5286:Ljava/util/Map;"},"inertia/XTUO/bCdz":{"net.minecraft.network.ClientConnection$1":"net/minecraft/class_2535$1"},"inertia/XTUO/KRFO":{"renderHotbarItem":"method_1762(IIFLnet/minecraft/class_1657;Lnet/minecraft/class_1799;)V"},"inertia/XTUO/OmmP":{"net/minecraft/client/render/item/ItemRenderer.renderGuiItemOverlay(Lnet/minecraft/client/font/TextRenderer;Lnet/minecraft/item/ItemStack;IILjava/lang/String;)V":"Lnet/minecraft/class_918;method_4022(Lnet/minecraft/class_327;Lnet/minecraft/class_1799;IILjava/lang/String;)V"},"inertia/XTUO/YJVt":{"net/minecraft/client/util/InputUtil.isKeyPressed(JI)Z":"Lnet/minecraft/class_3675;method_15987(JI)Z","onKey":"Lnet/minecraft/class_309;method_1466(JIIII)V"},"inertia/XTUO/lLpS":{"fillGradient":"method_25296(Lnet/minecraft/class_4587;IIIIII)V"},"inertia/XTUO/FSfU":{"Lnet/minecraft/client/font/TextRenderer;drawWithShadow(Lnet/minecraft/client/util/math/MatrixStack;Lnet/minecraft/text/Text;FFI)I":"Lnet/minecraft/class_327;method_30881(Lnet/minecraft/class_4587;Lnet/minecraft/class_2561;FFI)I","Lnet/minecraft/client/network/PlayerListEntry;getProfile()Lcom/mojang/authlib/GameProfile;":"Lnet/minecraft/class_640;method_2966()Lcom/mojang/authlib/GameProfile;","render":"Lnet/minecraft/class_355;method_1919(Lnet/minecraft/class_4587;ILnet/minecraft/class_269;Lnet/minecraft/class_266;)V","Lnet/minecraft/client/gui/hud/PlayerListHud;renderLatencyIcon(Lnet/minecraft/client/util/math/MatrixStack;IIILnet/minecraft/client/network/PlayerListEntry;)V":"Lnet/minecraft/class_355;method_1923(Lnet/minecraft/class_4587;IIILnet/minecraft/class_640;)V"},"inertia/XTUO/JxDJ":{"parent":"field_2456:Lnet/minecraft/class_437;"},"inertia/XTUO/pEWC":{"onTake":"method_7672(I)V"},"inertia/XTUO/MOyc":{"init":"Lnet/minecraft/class_500;method_25426()V","connect(Lnet/minecraft/client/network/ServerInfo;)V":"Lnet/minecraft/class_500;method_2548(Lnet/minecraft/class_642;)V"},"inertia/XTUO/Uzvo":{"markClosed":"Lnet/minecraft/class_852;method_3682(Lnet/minecraft/class_2338;)V"},"inertia/XTUO/WFiE":{"text":"field_12050:[Lnet/minecraft/class_2561;"},"inertia/XTUO/vIkl":{"Lnet/minecraft/entity/Entity;slowMovement(Lnet/minecraft/block/BlockState;Lnet/minecraft/util/math/Vec3d;)V":"Lnet/minecraft/class_1297;method_5844(Lnet/minecraft/class_2680;Lnet/minecraft/class_243;)V","onEntityCollision":"Lnet/minecraft/class_3830;method_9548(Lnet/minecraft/class_2680;Lnet/minecraft/class_1937;Lnet/minecraft/class_2338;Lnet/minecraft/class_1297;)V"},"inertia/XTUO/eUCX":{"init":"Lnet/minecraft/class_433;method_25426()V"},"inertia/XTUO/ahuX":{"Lnet/minecraft/client/network/ClientPlayerInteractionManager;getReachDistance()F":"Lnet/minecraft/class_636;method_2904()F","net/minecraft/entity/projectile/ProjectileUtil.raycast(Lnet/minecraft/entity/Entity;Lnet/minecraft/util/math/Vec3d;Lnet/minecraft/util/math/Vec3d;Lnet/minecraft/util/math/Box;Ljava/util/function/Predicate;D)Lnet/minecraft/util/hit/EntityHitResult;":"Lnet/minecraft/class_1675;method_18075(Lnet/minecraft/class_1297;Lnet/minecraft/class_243;Lnet/minecraft/class_243;Lnet/minecraft/class_238;Ljava/util/function/Predicate;D)Lnet/minecraft/class_3966;","Lnet/minecraft/client/render/GameRenderer;renderHand:Z":"Lnet/minecraft/class_757;field_3992:Z","Lnet/minecraft/client/render/WorldRenderer;drawEntityOutlinesFramebuffer()V":"Lnet/minecraft/class_761;method_3254()V","renderWorld":"Lnet/minecraft/class_757;method_3188(FJLnet/minecraft/class_4587;)V","loadProjectionMatrix":"Lnet/minecraft/class_757;method_22709(Lnet/minecraft/class_1159;)V","updateTargetedEntity":"Lnet/minecraft/class_757;method_3190(F)V","onResized":"Lnet/minecraft/class_757;method_3169(II)V","Lnet/minecraft/client/render/WorldRenderer;onResized(II)V":"Lnet/minecraft/class_761;method_3242(II)V","bobViewWhenHurt":"Lnet/minecraft/class_757;method_3198(Lnet/minecraft/class_4587;F)V","render":"Lnet/minecraft/class_757;method_3192(FJZ)V","Lnet/minecraft/client/util/math/MatrixStack;scale(FFF)V":"Lnet/minecraft/class_4587;method_22905(FFF)V"},"inertia/XTUO/qkTv":{"renderWeather":"Lnet/minecraft/class_761;method_22714(Lnet/minecraft/class_765;FDDD)V","Lnet/minecraft/client/render/Frustum;setPosition(DDD)V":"Lnet/minecraft/class_4604;method_23088(DDD)V","tickRainSplashing":"Lnet/minecraft/class_761;method_22713(Lnet/minecraft/class_4184;)V","Lnet/minecraft/client/render/WorldRenderer;drawBlockOutline(Lnet/minecraft/client/util/math/MatrixStack;Lnet/minecraft/client/render/VertexConsumer;Lnet/minecraft/entity/Entity;DDDLnet/minecraft/util/math/BlockPos;Lnet/minecraft/block/BlockState;)V":"Lnet/minecraft/class_761;method_22712(Lnet/minecraft/class_4587;Lnet/minecraft/class_4588;Lnet/minecraft/class_1297;DDDLnet/minecraft/class_2338;Lnet/minecraft/class_2680;)V","render":"Lnet/minecraft/class_761;method_22710(Lnet/minecraft/class_4587;FJZLnet/minecraft/class_4184;Lnet/minecraft/class_757;Lnet/minecraft/class_765;Lnet/minecraft/class_1159;)V","Lnet/minecraft/client/render/WorldRenderer;setupTerrain(Lnet/minecraft/client/render/Camera;Lnet/minecraft/client/render/Frustum;ZIZ)V":"Lnet/minecraft/class_761;method_3273(Lnet/minecraft/class_4184;Lnet/minecraft/class_4604;ZIZ)V"},"inertia/XTUO/vRuF":{"setCompressionThreshold":"Lnet/minecraft/class_2535;method_10760(I)V"},"inertia/XTUO/tcTv":{"canBeControlledByRider":"Lnet/minecraft/class_1501;method_5956()Z"},"inertia/XTUO/AYjZ":{"getRenderLayer":"Lnet/minecraft/class_922;method_24302(Lnet/minecraft/class_1309;ZZZ)Lnet/minecraft/class_1921;","render":"Lnet/minecraft/class_922;method_4054(Lnet/minecraft/class_1309;FFLnet/minecraft/class_4587;Lnet/minecraft/class_4597;I)V","net/minecraft/client/render/entity/feature/FeatureRenderer.render(Lnet/minecraft/client/util/math/MatrixStack;Lnet/minecraft/client/render/VertexConsumerProvider;ILnet/minecraft/entity/Entity;FFFFFF)V":"Lnet/minecraft/class_3887;method_4199(Lnet/minecraft/class_4587;Lnet/minecraft/class_4597;ILnet/minecraft/class_1297;FFFFFF)V"},"inertia/XTUO/zHyC":{"doItemUse":"method_1583()V","itemUseCooldown":"field_1752:I","sessionPropertyMap":"field_1694:Lcom/mojang/authlib/properties/PropertyMap;","bakedModelManager":"field_1763:Lnet/minecraft/class_1092;","session":"field_1726:Lnet/minecraft/class_320;","currentFps":"field_1738:I","renderTickCounter":"field_1728:Lnet/minecraft/class_317;"},"inertia/XTUO/YaqD":{"render":"Lnet/minecraft/class_337;method_1796(Lnet/minecraft/class_4587;)V"},"inertia/XTUO/jNim":{"spawnSmokeParticles":"Lnet/minecraft/class_3924;method_17509()V"},"inertia/XTUO/yBQG":{"isSideCovered":"Lnet/minecraft/class_775;method_3344(Lnet/minecraft/class_1922;Lnet/minecraft/class_2338;Lnet/minecraft/class_2350;F)Z","render":"Lnet/minecraft/class_775;method_3347(Lnet/minecraft/class_1920;Lnet/minecraft/class_2338;Lnet/minecraft/class_4588;Lnet/minecraft/class_3610;)Z"},"inertia/XTUO/UbCs":{"text":"field_13100:[Ljava/lang/String;"},"inertia/XTUO/SRlW":{"getOutlineShape":"Lnet/minecraft/class_2423;method_9530(Lnet/minecraft/class_2680;Lnet/minecraft/class_1922;Lnet/minecraft/class_2338;Lnet/minecraft/class_3726;)Lnet/minecraft/class_265;"},"inertia/XTUO/lYBf":{"slot":"field_7880:Lnet/minecraft/class_1304;"},"inertia/XTUO/NJPO":{"canBeControlledByRider":"Lnet/minecraft/class_4985;method_5956()Z"},"inertia/XTUO/GYVL":{"playerVelocityZ":"field_12182:F","playerVelocityX":"field_12176:F","playerVelocityY":"field_12183:F"},"inertia/XTUO/jOVv":{"drawBox":"Lnet/minecraft/class_898;method_23164(Lnet/minecraft/class_4587;Lnet/minecraft/class_4588;Lnet/minecraft/class_1297;FFF)V","net/minecraft/entity/Entity.getBoundingBox()Lnet/minecraft/util/math/Box;":"Lnet/minecraft/class_1297;method_5829()Lnet/minecraft/class_238;"},"inertia/XTUO/gVpz":{"Lnet/minecraft/client/gui/screen/Screen;fillGradient(Lnet/minecraft/client/util/math/MatrixStack;IIIIII)V":"Lnet/minecraft/class_437;method_25296(Lnet/minecraft/class_4587;IIIIII)V","renderBackground(Lnet/minecraft/client/util/math/MatrixStack;I)V":"Lnet/minecraft/class_437;method_25433(Lnet/minecraft/class_4587;I)V"},"inertia/XTUO/vpEE":{"init":"Lnet/minecraft/class_419;method_25426()V","render":"Lnet/minecraft/class_419;method_25394(Lnet/minecraft/class_4587;IIF)V"},"inertia/XTUO/tQDk":{"soundSystem":"field_5590:Lnet/minecraft/class_1140;"},"inertia/XTUO/xipR":{"getLeftText":"Lnet/minecraft/class_340;method_1835()Ljava/util/List;"},"inertia/XTUO/ciCi":{"entity":"field_2941:Lnet/minecraft/class_1496;"},"inertia/XTUO/hIbd":{"getBlockLayer":"Lnet/minecraft/class_4696;method_23679(Lnet/minecraft/class_2680;)Lnet/minecraft/class_1921;"},"inertia/XTUO/gLZK":{"Lnet/minecraft/client/network/ClientPlayerEntity;getZ()D":"Lnet/minecraft/class_746;method_23321()D","move":"Lnet/minecraft/class_746;method_5784(Lnet/minecraft/class_1313;Lnet/minecraft/class_243;)V","Lnet/minecraft/client/network/ClientPlayerEntity;getX()D":"Lnet/minecraft/class_746;method_23317()D","Lnet/minecraft/client/network/ClientPlayerEntity;getY()D":"Lnet/minecraft/class_746;method_23318()D","Lnet/minecraft/client/network/ClientPlayerEntity;setSprinting(Z)V":"Lnet/minecraft/class_746;method_5728(Z)V","sendMovementPackets":"Lnet/minecraft/class_746;method_3136()V","sendChatMessage":"Lnet/minecraft/class_746;method_3142(Ljava/lang/String;)V","tick":"Lnet/minecraft/class_746;method_5773()V","Lnet/minecraft/client/network/ClientPlayerEntity;onGround:Z":"Lnet/minecraft/class_746;field_5952:Z","Lnet/minecraft/client/network/ClientPlayerEntity;pitch:F":"Lnet/minecraft/class_746;field_5965:F","updateNausea":"Lnet/minecraft/class_746;method_18654()V","Lnet/minecraft/client/network/ClientPlayerEntity;yaw:F":"Lnet/minecraft/class_746;field_6031:F","Lnet/minecraft/client/network/ClientPlayerEntity;closeHandledScreen()V":"Lnet/minecraft/class_746;method_7346()V","Lnet/minecraft/client/MinecraftClient;openScreen(Lnet/minecraft/client/gui/screen/Screen;)V":"Lnet/minecraft/class_310;method_1507(Lnet/minecraft/class_437;)V","tickMovement":"Lnet/minecraft/class_746;method_6007()V","pushOutOfBlocks":"Lnet/minecraft/class_746;method_30673(DD)V","Lnet/minecraft/client/network/AbstractClientPlayerEntity;move(Lnet/minecraft/entity/MovementType;Lnet/minecraft/util/math/Vec3d;)V":"Lnet/minecraft/class_742;method_5784(Lnet/minecraft/class_1313;Lnet/minecraft/class_243;)V"},"inertia/XTUO/fUwc":{"onEntitySpawn":"Lnet/minecraft/class_634;method_11112(Lnet/minecraft/class_2604;)V","onChunkData":"Lnet/minecraft/class_634;method_11128(Lnet/minecraft/class_2672;)V"},"inertia/XTUO/BioT":{"init":"Lnet/minecraft/class_442;method_25426()V","mouseClicked":"Lnet/minecraft/class_442;method_25402(DDI)Z","Lnet/minecraft/client/gui/screen/Screen;render(Lnet/minecraft/client/util/math/MatrixStack;IIF)V":"Lnet/minecraft/class_437;method_25394(Lnet/minecraft/class_4587;IIF)V","render":"Lnet/minecraft/class_442;method_25394(Lnet/minecraft/class_4587;IIF)V"},"inertia/XTUO/HnOg":{"setTitle":"Lnet/minecraft/class_1041;method_24286(Ljava/lang/String;)V"},"inertia/XTUO/cGtq":{"onHello":"Lnet/minecraft/class_635;method_12587(Lnet/minecraft/class_2905;)V"},"inertia/XTUO/SxgY":{"inventory":"field_7867:Lnet/minecraft/class_1263;"},"inertia/XTUO/DvIR":{"serverEntry":"field_2460:Lnet/minecraft/class_642;"},"inertia/XTUO/PZpn":{"appendTooltip":"Lnet/minecraft/class_1806;method_7851(Lnet/minecraft/class_1799;Lnet/minecraft/class_1937;Ljava/util/List;Lnet/minecraft/class_1836;)V"},"inertia/XTUO/DisM":{"com/mojang/blaze3d/systems/RenderSystem.color4f(FFFF)V":"Lcom/mojang/blaze3d/systems/RenderSystem;color4f(FFFF)V","drawMouseoverTooltip":"Lnet/minecraft/class_465;method_2380(Lnet/minecraft/class_4587;II)V","net/minecraft/client/gui/screen/ingame/HandledScreen.drawBackground(Lnet/minecraft/client/util/math/MatrixStack;FII)V":"Lnet/minecraft/class_465;method_2389(Lnet/minecraft/class_4587;FII)V","render":"Lnet/minecraft/class_465;method_25394(Lnet/minecraft/class_4587;IIF)V"},"inertia/XTUO/svRt":{"canBeControlledByRider":"Lnet/minecraft/class_1452;method_5956()Z"},"inertia/XTUO/qmps":{"com/mojang/blaze3d/systems/RenderSystem.enableBlend()V":"Lcom/mojang/blaze3d/systems/RenderSystem;enableBlend()V","addMessage(Lnet/minecraft/text/Text;IIZ)V":"Lnet/minecraft/class_338;method_1815(Lnet/minecraft/class_2561;IIZ)V","render":"Lnet/minecraft/class_338;method_1805(Lnet/minecraft/class_4587;I)V"},"inertia/XTUO/hXWd":{"slipperiness":"field_23163:F"},"inertia/XTUO/rCWK":{"init":"Lnet/minecraft/class_408;method_25426()V","keyPressed":"Lnet/minecraft/class_408;method_25404(III)Z","render(Lnet/minecraft/client/util/math/MatrixStack;IIF)V":"Lnet/minecraft/class_408;method_25394(Lnet/minecraft/class_4587;IIF)V","mouseScrolled":"Lnet/minecraft/class_408;method_25401(DDD)Z","removed":"Lnet/minecraft/class_408;method_25432()V","mouseClicked":"Lnet/minecraft/class_408;method_25402(DDI)Z","net/minecraft/client/gui/screen/ChatScreen.fill(Lnet/minecraft/client/util/math/MatrixStack;IIIII)V":"Lnet/minecraft/class_408;method_25294(Lnet/minecraft/class_4587;IIIII)V","Lnet/minecraft/client/gui/screen/CommandSuggestor;keyPressed(III)Z":"Lnet/minecraft/class_4717;method_23924(III)Z","render":"Lnet/minecraft/class_408;method_25394(Lnet/minecraft/class_4587;IIF)V"},"inertia/XTUO/oIuQ":{"getCollisionShape":"Lnet/minecraft/class_2404;method_9549(Lnet/minecraft/class_2680;Lnet/minecraft/class_1922;Lnet/minecraft/class_2338;Lnet/minecraft/class_3726;)Lnet/minecraft/class_265;","getOutlineShape":"Lnet/minecraft/class_2404;method_9530(Lnet/minecraft/class_2680;Lnet/minecraft/class_1922;Lnet/minecraft/class_2338;Lnet/minecraft/class_3726;)Lnet/minecraft/class_265;"},"inertia/XTUO/FwZI":{"getTeamColorValue":"Lnet/minecraft/class_1297;method_22861()I","getTargetingMargin":"Lnet/minecraft/class_1297;method_5871()F"},"inertia/XTUO/kCGc":{"HEALTH":"field_6247:Lnet/minecraft/class_2940;"},"inertia/XTUO/fJiN":{"jumpStrength":"field_6976:F"},"inertia/XTUO/OCsK":{"pressed":"field_1653:Z","boundKey":"field_1655:Lnet/minecraft/class_3675$class_306;"},"inertia/XTUO/pIPx":{"lastCameraY":"field_18722:F","update":"method_19321(Lnet/minecraft/class_1922;Lnet/minecraft/class_1297;ZZF)V","cameraY":"field_18721:F"},"inertia/XTUO/WMUE":{"render":"Lnet/minecraft/class_425;method_25394(Lnet/minecraft/class_4587;IIF)V"},"inertia/XTUO/Dgui":{"colorSwapped":"field_7962:I"},"inertia/XTUO/NGNp":{"field_3922":"field_3922:F"},"inertia/XTUO/xXFf":{"renderHotbar":"Lnet/minecraft/class_329;method_1759(FLnet/minecraft/class_4587;)V","renderPumpkinOverlay":"Lnet/minecraft/class_329;method_1761()V","renderPortalOverlay":"Lnet/minecraft/class_329;method_1746(F)V","renderStatusEffectOverlay":"Lnet/minecraft/class_329;method_1765(Lnet/minecraft/class_4587;)V","render":"Lnet/minecraft/class_329;method_1753(Lnet/minecraft/class_4587;F)V","Lnet/minecraft/client/options/GameOptions;hudHidden:Z":"Lnet/minecraft/class_315;field_1842:Z","renderScoreboardSidebar":"Lnet/minecraft/class_329;method_1757(Lnet/minecraft/class_4587;Lnet/minecraft/class_266;)V"},"inertia/XTUO/iDgy":{"drawBackground":"Lnet/minecraft/class_490;method_2389(Lnet/minecraft/class_4587;FII)V","com/mojang/blaze3d/platform/GlStateManager.color4f(FFFF)V":"Lnet/minecraft/class_4493;method_22000(FFFF)V","render":"Lnet/minecraft/class_490;method_25394(Lnet/minecraft/class_4587;IIF)V"},"inertia/XTUO/QvIe":{"disconnect":"Lnet/minecraft/class_638;method_8525()V","doRandomBlockDisplayTicks":"Lnet/minecraft/class_638;method_2941(III)V","Lnet/minecraft/client/world/ClientWorld;randomBlockDisplayTick(IIIILjava/util/Random;ZLnet/minecraft/util/math/BlockPos$Mutable;)V":"Lnet/minecraft/class_638;method_2943(IIIILjava/util/Random;ZLnet/minecraft/class_2338$class_2339;)V"}},"data":{"named:intermediary":{"inertia/XTUO/sqXO":{"Lnet/minecraft/client/render/Camera;moveBy(DDD)V":"Lnet/minecraft/class_4184;method_19324(DDD)V","update":"Lnet/minecraft/class_4184;method_19321(Lnet/minecraft/class_1922;Lnet/minecraft/class_1297;ZZF)V"},"inertia/XTUO/OeSq":{"getCapeTexture":"Lnet/minecraft/class_742;method_3119()Lnet/minecraft/class_2960;"},"inertia/XTUO/qmZS":{"lastNetherPortalPosition":"field_5991:Lnet/minecraft/class_2338;","FLAGS":"field_5990:Lnet/minecraft/class_2940;","inNetherPortal":"field_5963:Z"},"inertia/XTUO/LrYI":{"PLAYER_MODEL_PARTS":"field_7518:Lnet/minecraft/class_2940;"},"inertia/XTUO/lRXQ":{"enabledPlayerModelParts":"field_1892:Ljava/util/Set;"},"inertia/XTUO/YxNV":{"beginRenderTick":"Lnet/minecraft/class_317;method_1658(J)I"},"inertia/XTUO/LJMJ":{"drawLayer":"method_1724(Ljava/lang/String;FFIZLnet/minecraft/class_1159;Lnet/minecraft/class_4597;ZII)F"},"inertia/XTUO/UDPO":{"drawStatusEffectDescriptions":"Lnet/minecraft/class_485;method_18644(Lnet/minecraft/class_4587;IILjava/lang/Iterable;)V","drawStatusEffects":"Lnet/minecraft/class_485;method_2477(Lnet/minecraft/class_4587;)V","com/mojang/blaze3d/platform/GlStateManager.color4f(FFFF)V":"Lnet/minecraft/class_4493;method_22000(FFFF)V","Lnet/minecraft/client/font/TextRenderer;drawWithShadow(Lnet/minecraft/client/util/math/MatrixStack;Ljava/lang/String;FFI)I":"Lnet/minecraft/class_327;method_1720(Lnet/minecraft/class_4587;Ljava/lang/String;FFI)I"},"inertia/XTUO/mTmO":{"net.minecraft.client.world.ClientChunkManager$ClientChunkMap":"net/minecraft/class_631$class_3681","compareAndSet(ILnet/minecraft/world/chunk/WorldChunk;Lnet/minecraft/world/chunk/WorldChunk;)Lnet/minecraft/world/chunk/WorldChunk;":"Lnet/minecraft/class_631$class_3681;method_20183(ILnet/minecraft/class_2818;Lnet/minecraft/class_2818;)Lnet/minecraft/class_2818;"},"inertia/XTUO/VLfG":{"isOpaqueFullCube":"Lnet/minecraft/class_4970$class_4971;method_26216(Lnet/minecraft/class_1922;Lnet/minecraft/class_2338;)Z"},"inertia/XTUO/GwRr":{"blockBreakingCooldown":"field_3716:I","currentBreakingProgress":"field_3715:F"},"inertia/XTUO/KcFf":{"method_30010":"Lnet/minecraft/class_1703;method_30010(IILnet/minecraft/class_1713;Lnet/minecraft/class_1657;)Lnet/minecraft/class_1799;"},"inertia/XTUO/hSaa":{"renderFireOverlay":"Lnet/minecraft/class_4603;method_23070(Lnet/minecraft/class_310;Lnet/minecraft/class_4587;)V"},"inertia/XTUO/wfcI":{"chatMessage":"field_12764:Ljava/lang/String;"},"inertia/XTUO/udkc":{"Lnet/minecraft/util/math/MathHelper;clamp(FFF)F":"Lnet/minecraft/class_3532;method_15363(FFF)F","updateHeldItems":"Lnet/minecraft/class_759;method_3220()V"},"inertia/XTUO/hBns":{"keyPressed":"Lnet/minecraft/class_342;method_25404(III)Z","charTyped":"Lnet/minecraft/class_342;method_25400(CI)Z"},"inertia/XTUO/Ldkg":{"text":"field_24285:[Ljava/lang/String;"},"inertia/XTUO/fpAl":{"x":"field_5258:I","y":"field_5256:I"},"inertia/XTUO/WoBC":{"drawBackground":"method_2389(Lnet/minecraft/class_4587;FII)V"},"inertia/XTUO/IObr":{"init":"Lnet/minecraft/class_498;method_25426()V","tick":"Lnet/minecraft/class_498;method_25393()V","render":"Lnet/minecraft/class_498;method_25394(Lnet/minecraft/class_4587;IIF)V"},"inertia/XTUO/pzMx":{"saveAndClose":"Lnet/minecraft/class_420;method_2167()V"},"inertia/XTUO/xOeQ":{"isSaddled":"Lnet/minecraft/class_1496;method_6725()Z","getJumpStrength":"Lnet/minecraft/class_1496;method_6771()D"},"inertia/XTUO/gixc":{"depthAttachment":"field_1474:I"},"inertia/XTUO/rqVl":{"blockBreakingInfos":"field_4058:Lit/unimi/dsi/fastutil/ints/Int2ObjectMap;"},"inertia/XTUO/zblK":{"onSyncedBlockEvent":"Lnet/minecraft/class_2428;method_9592(Lnet/minecraft/class_2680;Lnet/minecraft/class_1937;Lnet/minecraft/class_2338;II)Z"},"inertia/XTUO/yZHi":{"KEYS":"field_1664:Ljava/util/Map;"},"inertia/XTUO/OxRK":{"selectionStart":"field_2102:I","editable":"field_2094:Z","selectionEnd":"field_2101:I","focusedTicks":"field_2107:I","textRenderer":"field_2105:Lnet/minecraft/class_327;","editableColor":"field_2100:I","drawSelectionHighlight":"method_1886(IIII)V","uneditableColor":"field_2098:I","focused":"field_2095:Z","focusUnlocked":"field_2096:Z","text":"field_2092:Ljava/lang/String;","firstCharacterIndex":"field_2103:I","renderTextProvider":"field_2099:Ljava/util/function/BiFunction;","maxLength":"field_2108:I"},"inertia/XTUO/sKeJ":{"Lnet/minecraft/client/render/RenderLayer$MultiPhaseParameters$Builder;target(Lnet/minecraft/client/render/RenderPhase$Target;)Lnet/minecraft/client/render/RenderLayer$MultiPhaseParameters$Builder;":"Lnet/minecraft/class_1921$class_4688$class_4689;method_23610(Lnet/minecraft/class_4668$class_4678;)Lnet/minecraft/class_1921$class_4688$class_4689;","getOutline(Lnet/minecraft/util/Identifier;Lnet/minecraft/client/render/RenderPhase$Cull;)Lnet/minecraft/client/render/RenderLayer;":"Lnet/minecraft/class_1921;method_24468(Lnet/minecraft/class_2960;Lnet/minecraft/class_4668$class_4671;)Lnet/minecraft/class_1921;"},"inertia/XTUO/gDWF":{"inventory":"field_7836:Lnet/minecraft/class_1263;"},"inertia/XTUO/ZGak":{"isShapeFullCube":"Lnet/minecraft/class_2248;method_9614(Lnet/minecraft/class_265;)Z","getVelocityMultiplier":"Lnet/minecraft/class_2248;method_23349()F"},"inertia/XTUO/oIaA":{"onGround":"field_12891:Z","y":"field_12886:D","pitch":"field_12885:F","yaw":"field_12887:F"},"inertia/XTUO/VXLU":{"doItemUse":"Lnet/minecraft/class_310;method_1583()V","openScreen":"Lnet/minecraft/class_310;method_1507(Lnet/minecraft/class_437;)V","doItemPick":"Lnet/minecraft/class_310;method_1511()V","Lnet/minecraft/client/gui/screen/Screen;init(Lnet/minecraft/client/MinecraftClient;II)V":"Lnet/minecraft/class_437;method_25423(Lnet/minecraft/class_310;II)V"},"inertia/XTUO/DRne":{"updateBlockBreakingProgress":"Lnet/minecraft/class_636;method_2902(Lnet/minecraft/class_2338;Lnet/minecraft/class_2350;)Z","Lnet/minecraft/world/World;setBlockState(Lnet/minecraft/util/math/BlockPos;Lnet/minecraft/block/BlockState;I)Z":"Lnet/minecraft/class_1937;method_8652(Lnet/minecraft/class_2338;Lnet/minecraft/class_2680;I)Z","breakBlock":"Lnet/minecraft/class_636;method_2899(Lnet/minecraft/class_2338;)Z","attackEntity":"Lnet/minecraft/class_636;method_2918(Lnet/minecraft/class_1657;Lnet/minecraft/class_1297;)V","Lnet/minecraft/block/Block;onBreak(Lnet/minecraft/world/World;Lnet/minecraft/util/math/BlockPos;Lnet/minecraft/block/BlockState;Lnet/minecraft/entity/player/PlayerEntity;)V":"Lnet/minecraft/class_2248;method_9576(Lnet/minecraft/class_1937;Lnet/minecraft/class_2338;Lnet/minecraft/class_2680;Lnet/minecraft/class_1657;)V","interactBlock":"Lnet/minecraft/class_636;method_2896(Lnet/minecraft/class_746;Lnet/minecraft/class_638;Lnet/minecraft/class_1268;Lnet/minecraft/class_3965;)Lnet/minecraft/class_1269;"},"inertia/XTUO/ENlO":{"pitch":"field_12391:F","yaw":"field_12393:F"},"inertia/XTUO/zInK":{"getModel":"Lnet/minecraft/class_776;method_3349(Lnet/minecraft/class_2680;)Lnet/minecraft/class_1087;","renderBlock":"Lnet/minecraft/class_776;method_3355(Lnet/minecraft/class_2680;Lnet/minecraft/class_2338;Lnet/minecraft/class_1920;Lnet/minecraft/class_4587;Lnet/minecraft/class_4588;ZLjava/util/Random;)Z"},"inertia/XTUO/eViY":{"render":"Lnet/minecraft/class_778;method_3374(Lnet/minecraft/class_1920;Lnet/minecraft/class_1087;Lnet/minecraft/class_2680;Lnet/minecraft/class_2338;Lnet/minecraft/class_4587;Lnet/minecraft/class_4588;ZLjava/util/Random;JI)Z","Lnet/minecraft/client/render/block/BlockModelRenderer;renderSmooth(Lnet/minecraft/world/BlockRenderView;Lnet/minecraft/client/render/model/BakedModel;Lnet/minecraft/block/BlockState;Lnet/minecraft/util/math/BlockPos;Lnet/minecraft/client/util/math/MatrixStack;Lnet/minecraft/client/render/VertexConsumer;ZLjava/util/Random;JI)Z":"Lnet/minecraft/class_778;method_3361(Lnet/minecraft/class_1920;Lnet/minecraft/class_1087;Lnet/minecraft/class_2680;Lnet/minecraft/class_2338;Lnet/minecraft/class_4587;Lnet/minecraft/class_4588;ZLjava/util/Random;JI)Z","Lnet/minecraft/client/render/block/BlockModelRenderer;renderFlat(Lnet/minecraft/world/BlockRenderView;Lnet/minecraft/client/render/model/BakedModel;Lnet/minecraft/block/BlockState;Lnet/minecraft/util/math/BlockPos;Lnet/minecraft/client/util/math/MatrixStack;Lnet/minecraft/client/render/VertexConsumer;ZLjava/util/Random;JI)Z":"Lnet/minecraft/class_778;method_3373(Lnet/minecraft/class_1920;Lnet/minecraft/class_1087;Lnet/minecraft/class_2680;Lnet/minecraft/class_2338;Lnet/minecraft/class_4587;Lnet/minecraft/class_4588;ZLjava/util/Random;JI)Z"},"inertia/XTUO/xrTn":{"draw(Ljava/lang/String;FFIZLnet/minecraft/util/math/Matrix4f;Lnet/minecraft/client/render/VertexConsumerProvider;ZIIZ)I":"Lnet/minecraft/class_327;method_27522(Ljava/lang/String;FFIZLnet/minecraft/class_1159;Lnet/minecraft/class_4597;ZIIZ)I"},"inertia/XTUO/IrIp":{"attack":"Lnet/minecraft/class_1657;method_7324(Lnet/minecraft/class_1297;)V","canFly":"Lnet/minecraft/class_1657;method_5675()Z","getAttackCooldownProgressPerTick":"Lnet/minecraft/class_1657;method_7279()F"},"inertia/XTUO/OVph":{"net.minecraft.network.ClientConnection$1":"net/minecraft/class_2535$1"},"inertia/XTUO/bUGs":{"send(Lnet/minecraft/network/Packet;)V":"Lnet/minecraft/class_2535;method_10743(Lnet/minecraft/class_2596;)V","channelRead0":"Lnet/minecraft/class_2535;method_10770(Lio/netty/channel/ChannelHandlerContext;Lnet/minecraft/class_2596;)V"},"inertia/XTUO/MEkd":{"width":"field_22758:I","x":"field_22760:I","focused":"field_22756:Z","y":"field_22761:I","hovered":"field_22762:Z","height":"field_22759:I"},"inertia/XTUO/pkKL":{"render":"method_23079(Lnet/minecraft/class_827;Lnet/minecraft/class_2586;FLnet/minecraft/class_4587;Lnet/minecraft/class_4597;)V"},"inertia/XTUO/TBpK":{"y":"field_12897:D"},"inertia/XTUO/vJUb":{"render":"Lnet/minecraft/class_897;method_3936(Lnet/minecraft/class_1297;FFLnet/minecraft/class_4587;Lnet/minecraft/class_4597;I)V","renderLabelIfPresent(Lnet/minecraft/entity/Entity;Lnet/minecraft/text/Text;Lnet/minecraft/client/util/math/MatrixStack;Lnet/minecraft/client/render/VertexConsumerProvider;I)V":"Lnet/minecraft/class_897;method_3926(Lnet/minecraft/class_1297;Lnet/minecraft/class_2561;Lnet/minecraft/class_4587;Lnet/minecraft/class_4597;I)V"},"inertia/XTUO/tFmd":{"getRenderType":"Lnet/minecraft/class_4970;method_9604(Lnet/minecraft/class_2680;)Lnet/minecraft/class_2464;","getAmbientOcclusionLightLevel":"Lnet/minecraft/class_4970;method_9575(Lnet/minecraft/class_2680;Lnet/minecraft/class_1922;Lnet/minecraft/class_2338;)F"},"inertia/XTUO/SZJW":{"textures":"field_5286:Ljava/util/Map;"},"inertia/XTUO/bCdz":{"net.minecraft.network.ClientConnection$1":"net/minecraft/class_2535$1"},"inertia/XTUO/KRFO":{"renderHotbarItem":"method_1762(IIFLnet/minecraft/class_1657;Lnet/minecraft/class_1799;)V"},"inertia/XTUO/OmmP":{"net/minecraft/client/render/item/ItemRenderer.renderGuiItemOverlay(Lnet/minecraft/client/font/TextRenderer;Lnet/minecraft/item/ItemStack;IILjava/lang/String;)V":"Lnet/minecraft/class_918;method_4022(Lnet/minecraft/class_327;Lnet/minecraft/class_1799;IILjava/lang/String;)V"},"inertia/XTUO/YJVt":{"net/minecraft/client/util/InputUtil.isKeyPressed(JI)Z":"Lnet/minecraft/class_3675;method_15987(JI)Z","onKey":"Lnet/minecraft/class_309;method_1466(JIIII)V"},"inertia/XTUO/lLpS":{"fillGradient":"method_25296(Lnet/minecraft/class_4587;IIIIII)V"},"inertia/XTUO/FSfU":{"Lnet/minecraft/client/font/TextRenderer;drawWithShadow(Lnet/minecraft/client/util/math/MatrixStack;Lnet/minecraft/text/Text;FFI)I":"Lnet/minecraft/class_327;method_30881(Lnet/minecraft/class_4587;Lnet/minecraft/class_2561;FFI)I","Lnet/minecraft/client/network/PlayerListEntry;getProfile()Lcom/mojang/authlib/GameProfile;":"Lnet/minecraft/class_640;method_2966()Lcom/mojang/authlib/GameProfile;","render":"Lnet/minecraft/class_355;method_1919(Lnet/minecraft/class_4587;ILnet/minecraft/class_269;Lnet/minecraft/class_266;)V","Lnet/minecraft/client/gui/hud/PlayerListHud;renderLatencyIcon(Lnet/minecraft/client/util/math/MatrixStack;IIILnet/minecraft/client/network/PlayerListEntry;)V":"Lnet/minecraft/class_355;method_1923(Lnet/minecraft/class_4587;IIILnet/minecraft/class_640;)V"},"inertia/XTUO/JxDJ":{"parent":"field_2456:Lnet/minecraft/class_437;"},"inertia/XTUO/pEWC":{"onTake":"method_7672(I)V"},"inertia/XTUO/MOyc":{"init":"Lnet/minecraft/class_500;method_25426()V","connect(Lnet/minecraft/client/network/ServerInfo;)V":"Lnet/minecraft/class_500;method_2548(Lnet/minecraft/class_642;)V"},"inertia/XTUO/Uzvo":{"markClosed":"Lnet/minecraft/class_852;method_3682(Lnet/minecraft/class_2338;)V"},"inertia/XTUO/WFiE":{"text":"field_12050:[Lnet/minecraft/class_2561;"},"inertia/XTUO/vIkl":{"Lnet/minecraft/entity/Entity;slowMovement(Lnet/minecraft/block/BlockState;Lnet/minecraft/util/math/Vec3d;)V":"Lnet/minecraft/class_1297;method_5844(Lnet/minecraft/class_2680;Lnet/minecraft/class_243;)V","onEntityCollision":"Lnet/minecraft/class_3830;method_9548(Lnet/minecraft/class_2680;Lnet/minecraft/class_1937;Lnet/minecraft/class_2338;Lnet/minecraft/class_1297;)V"},"inertia/XTUO/eUCX":{"init":"Lnet/minecraft/class_433;method_25426()V"},"inertia/XTUO/ahuX":{"Lnet/minecraft/client/network/ClientPlayerInteractionManager;getReachDistance()F":"Lnet/minecraft/class_636;method_2904()F","net/minecraft/entity/projectile/ProjectileUtil.raycast(Lnet/minecraft/entity/Entity;Lnet/minecraft/util/math/Vec3d;Lnet/minecraft/util/math/Vec3d;Lnet/minecraft/util/math/Box;Ljava/util/function/Predicate;D)Lnet/minecraft/util/hit/EntityHitResult;":"Lnet/minecraft/class_1675;method_18075(Lnet/minecraft/class_1297;Lnet/minecraft/class_243;Lnet/minecraft/class_243;Lnet/minecraft/class_238;Ljava/util/function/Predicate;D)Lnet/minecraft/class_3966;","Lnet/minecraft/client/render/GameRenderer;renderHand:Z":"Lnet/minecraft/class_757;field_3992:Z","Lnet/minecraft/client/render/WorldRenderer;drawEntityOutlinesFramebuffer()V":"Lnet/minecraft/class_761;method_3254()V","renderWorld":"Lnet/minecraft/class_757;method_3188(FJLnet/minecraft/class_4587;)V","loadProjectionMatrix":"Lnet/minecraft/class_757;method_22709(Lnet/minecraft/class_1159;)V","updateTargetedEntity":"Lnet/minecraft/class_757;method_3190(F)V","onResized":"Lnet/minecraft/class_757;method_3169(II)V","Lnet/minecraft/client/render/WorldRenderer;onResized(II)V":"Lnet/minecraft/class_761;method_3242(II)V","bobViewWhenHurt":"Lnet/minecraft/class_757;method_3198(Lnet/minecraft/class_4587;F)V","render":"Lnet/minecraft/class_757;method_3192(FJZ)V","Lnet/minecraft/client/util/math/MatrixStack;scale(FFF)V":"Lnet/minecraft/class_4587;method_22905(FFF)V"},"inertia/XTUO/qkTv":{"renderWeather":"Lnet/minecraft/class_761;method_22714(Lnet/minecraft/class_765;FDDD)V","Lnet/minecraft/client/render/Frustum;setPosition(DDD)V":"Lnet/minecraft/class_4604;method_23088(DDD)V","tickRainSplashing":"Lnet/minecraft/class_761;method_22713(Lnet/minecraft/class_4184;)V","Lnet/minecraft/client/render/WorldRenderer;drawBlockOutline(Lnet/minecraft/client/util/math/MatrixStack;Lnet/minecraft/client/render/VertexConsumer;Lnet/minecraft/entity/Entity;DDDLnet/minecraft/util/math/BlockPos;Lnet/minecraft/block/BlockState;)V":"Lnet/minecraft/class_761;method_22712(Lnet/minecraft/class_4587;Lnet/minecraft/class_4588;Lnet/minecraft/class_1297;DDDLnet/minecraft/class_2338;Lnet/minecraft/class_2680;)V","render":"Lnet/minecraft/class_761;method_22710(Lnet/minecraft/class_4587;FJZLnet/minecraft/class_4184;Lnet/minecraft/class_757;Lnet/minecraft/class_765;Lnet/minecraft/class_1159;)V","Lnet/minecraft/client/render/WorldRenderer;setupTerrain(Lnet/minecraft/client/render/Camera;Lnet/minecraft/client/render/Frustum;ZIZ)V":"Lnet/minecraft/class_761;method_3273(Lnet/minecraft/class_4184;Lnet/minecraft/class_4604;ZIZ)V"},"inertia/XTUO/vRuF":{"setCompressionThreshold":"Lnet/minecraft/class_2535;method_10760(I)V"},"inertia/XTUO/tcTv":{"canBeControlledByRider":"Lnet/minecraft/class_1501;method_5956()Z"},"inertia/XTUO/AYjZ":{"getRenderLayer":"Lnet/minecraft/class_922;method_24302(Lnet/minecraft/class_1309;ZZZ)Lnet/minecraft/class_1921;","render":"Lnet/minecraft/class_922;method_4054(Lnet/minecraft/class_1309;FFLnet/minecraft/class_4587;Lnet/minecraft/class_4597;I)V","net/minecraft/client/render/entity/feature/FeatureRenderer.render(Lnet/minecraft/client/util/math/MatrixStack;Lnet/minecraft/client/render/VertexConsumerProvider;ILnet/minecraft/entity/Entity;FFFFFF)V":"Lnet/minecraft/class_3887;method_4199(Lnet/minecraft/class_4587;Lnet/minecraft/class_4597;ILnet/minecraft/class_1297;FFFFFF)V"},"inertia/XTUO/zHyC":{"doItemUse":"method_1583()V","itemUseCooldown":"field_1752:I","sessionPropertyMap":"field_1694:Lcom/mojang/authlib/properties/PropertyMap;","bakedModelManager":"field_1763:Lnet/minecraft/class_1092;","session":"field_1726:Lnet/minecraft/class_320;","currentFps":"field_1738:I","renderTickCounter":"field_1728:Lnet/minecraft/class_317;"},"inertia/XTUO/YaqD":{"render":"Lnet/minecraft/class_337;method_1796(Lnet/minecraft/class_4587;)V"},"inertia/XTUO/jNim":{"spawnSmokeParticles":"Lnet/minecraft/class_3924;method_17509()V"},"inertia/XTUO/yBQG":{"isSideCovered":"Lnet/minecraft/class_775;method_3344(Lnet/minecraft/class_1922;Lnet/minecraft/class_2338;Lnet/minecraft/class_2350;F)Z","render":"Lnet/minecraft/class_775;method_3347(Lnet/minecraft/class_1920;Lnet/minecraft/class_2338;Lnet/minecraft/class_4588;Lnet/minecraft/class_3610;)Z"},"inertia/XTUO/UbCs":{"text":"field_13100:[Ljava/lang/String;"},"inertia/XTUO/SRlW":{"getOutlineShape":"Lnet/minecraft/class_2423;method_9530(Lnet/minecraft/class_2680;Lnet/minecraft/class_1922;Lnet/minecraft/class_2338;Lnet/minecraft/class_3726;)Lnet/minecraft/class_265;"},"inertia/XTUO/lYBf":{"slot":"field_7880:Lnet/minecraft/class_1304;"},"inertia/XTUO/NJPO":{"canBeControlledByRider":"Lnet/minecraft/class_4985;method_5956()Z"},"inertia/XTUO/GYVL":{"playerVelocityZ":"field_12182:F","playerVelocityX":"field_12176:F","playerVelocityY":"field_12183:F"},"inertia/XTUO/jOVv":{"drawBox":"Lnet/minecraft/class_898;method_23164(Lnet/minecraft/class_4587;Lnet/minecraft/class_4588;Lnet/minecraft/class_1297;FFF)V","net/minecraft/entity/Entity.getBoundingBox()Lnet/minecraft/util/math/Box;":"Lnet/minecraft/class_1297;method_5829()Lnet/minecraft/class_238;"},"inertia/XTUO/gVpz":{"Lnet/minecraft/client/gui/screen/Screen;fillGradient(Lnet/minecraft/client/util/math/MatrixStack;IIIIII)V":"Lnet/minecraft/class_437;method_25296(Lnet/minecraft/class_4587;IIIIII)V","renderBackground(Lnet/minecraft/client/util/math/MatrixStack;I)V":"Lnet/minecraft/class_437;method_25433(Lnet/minecraft/class_4587;I)V"},"inertia/XTUO/vpEE":{"init":"Lnet/minecraft/class_419;method_25426()V","render":"Lnet/minecraft/class_419;method_25394(Lnet/minecraft/class_4587;IIF)V"},"inertia/XTUO/tQDk":{"soundSystem":"field_5590:Lnet/minecraft/class_1140;"},"inertia/XTUO/xipR":{"getLeftText":"Lnet/minecraft/class_340;method_1835()Ljava/util/List;"},"inertia/XTUO/ciCi":{"entity":"field_2941:Lnet/minecraft/class_1496;"},"inertia/XTUO/hIbd":{"getBlockLayer":"Lnet/minecraft/class_4696;method_23679(Lnet/minecraft/class_2680;)Lnet/minecraft/class_1921;"},"inertia/XTUO/gLZK":{"Lnet/minecraft/client/network/ClientPlayerEntity;getZ()D":"Lnet/minecraft/class_746;method_23321()D","move":"Lnet/minecraft/class_746;method_5784(Lnet/minecraft/class_1313;Lnet/minecraft/class_243;)V","Lnet/minecraft/client/network/ClientPlayerEntity;getX()D":"Lnet/minecraft/class_746;method_23317()D","Lnet/minecraft/client/network/ClientPlayerEntity;getY()D":"Lnet/minecraft/class_746;method_23318()D","Lnet/minecraft/client/network/ClientPlayerEntity;setSprinting(Z)V":"Lnet/minecraft/class_746;method_5728(Z)V","sendMovementPackets":"Lnet/minecraft/class_746;method_3136()V","sendChatMessage":"Lnet/minecraft/class_746;method_3142(Ljava/lang/String;)V","tick":"Lnet/minecraft/class_746;method_5773()V","Lnet/minecraft/client/network/ClientPlayerEntity;onGround:Z":"Lnet/minecraft/class_746;field_5952:Z","Lnet/minecraft/client/network/ClientPlayerEntity;pitch:F":"Lnet/minecraft/class_746;field_5965:F","updateNausea":"Lnet/minecraft/class_746;method_18654()V","Lnet/minecraft/client/network/ClientPlayerEntity;yaw:F":"Lnet/minecraft/class_746;field_6031:F","Lnet/minecraft/client/network/ClientPlayerEntity;closeHandledScreen()V":"Lnet/minecraft/class_746;method_7346()V","Lnet/minecraft/client/MinecraftClient;openScreen(Lnet/minecraft/client/gui/screen/Screen;)V":"Lnet/minecraft/class_310;method_1507(Lnet/minecraft/class_437;)V","tickMovement":"Lnet/minecraft/class_746;method_6007()V","pushOutOfBlocks":"Lnet/minecraft/class_746;method_30673(DD)V","Lnet/minecraft/client/network/AbstractClientPlayerEntity;move(Lnet/minecraft/entity/MovementType;Lnet/minecraft/util/math/Vec3d;)V":"Lnet/minecraft/class_742;method_5784(Lnet/minecraft/class_1313;Lnet/minecraft/class_243;)V"},"inertia/XTUO/fUwc":{"onEntitySpawn":"Lnet/minecraft/class_634;method_11112(Lnet/minecraft/class_2604;)V","onChunkData":"Lnet/minecraft/class_634;method_11128(Lnet/minecraft/class_2672;)V"},"inertia/XTUO/BioT":{"init":"Lnet/minecraft/class_442;method_25426()V","mouseClicked":"Lnet/minecraft/class_442;method_25402(DDI)Z","Lnet/minecraft/client/gui/screen/Screen;render(Lnet/minecraft/client/util/math/MatrixStack;IIF)V":"Lnet/minecraft/class_437;method_25394(Lnet/minecraft/class_4587;IIF)V","render":"Lnet/minecraft/class_442;method_25394(Lnet/minecraft/class_4587;IIF)V"},"inertia/XTUO/HnOg":{"setTitle":"Lnet/minecraft/class_1041;method_24286(Ljava/lang/String;)V"},"inertia/XTUO/cGtq":{"onHello":"Lnet/minecraft/class_635;method_12587(Lnet/minecraft/class_2905;)V"},"inertia/XTUO/SxgY":{"inventory":"field_7867:Lnet/minecraft/class_1263;"},"inertia/XTUO/DvIR":{"serverEntry":"field_2460:Lnet/minecraft/class_642;"},"inertia/XTUO/PZpn":{"appendTooltip":"Lnet/minecraft/class_1806;method_7851(Lnet/minecraft/class_1799;Lnet/minecraft/class_1937;Ljava/util/List;Lnet/minecraft/class_1836;)V"},"inertia/XTUO/DisM":{"com/mojang/blaze3d/systems/RenderSystem.color4f(FFFF)V":"Lcom/mojang/blaze3d/systems/RenderSystem;color4f(FFFF)V","drawMouseoverTooltip":"Lnet/minecraft/class_465;method_2380(Lnet/minecraft/class_4587;II)V","net/minecraft/client/gui/screen/ingame/HandledScreen.drawBackground(Lnet/minecraft/client/util/math/MatrixStack;FII)V":"Lnet/minecraft/class_465;method_2389(Lnet/minecraft/class_4587;FII)V","render":"Lnet/minecraft/class_465;method_25394(Lnet/minecraft/class_4587;IIF)V"},"inertia/XTUO/svRt":{"canBeControlledByRider":"Lnet/minecraft/class_1452;method_5956()Z"},"inertia/XTUO/qmps":{"com/mojang/blaze3d/systems/RenderSystem.enableBlend()V":"Lcom/mojang/blaze3d/systems/RenderSystem;enableBlend()V","addMessage(Lnet/minecraft/text/Text;IIZ)V":"Lnet/minecraft/class_338;method_1815(Lnet/minecraft/class_2561;IIZ)V","render":"Lnet/minecraft/class_338;method_1805(Lnet/minecraft/class_4587;I)V"},"inertia/XTUO/hXWd":{"slipperiness":"field_23163:F"},"inertia/XTUO/rCWK":{"init":"Lnet/minecraft/class_408;method_25426()V","keyPressed":"Lnet/minecraft/class_408;method_25404(III)Z","render(Lnet/minecraft/client/util/math/MatrixStack;IIF)V":"Lnet/minecraft/class_408;method_25394(Lnet/minecraft/class_4587;IIF)V","mouseScrolled":"Lnet/minecraft/class_408;method_25401(DDD)Z","removed":"Lnet/minecraft/class_408;method_25432()V","mouseClicked":"Lnet/minecraft/class_408;method_25402(DDI)Z","net/minecraft/client/gui/screen/ChatScreen.fill(Lnet/minecraft/client/util/math/MatrixStack;IIIII)V":"Lnet/minecraft/class_408;method_25294(Lnet/minecraft/class_4587;IIIII)V","Lnet/minecraft/client/gui/screen/CommandSuggestor;keyPressed(III)Z":"Lnet/minecraft/class_4717;method_23924(III)Z","render":"Lnet/minecraft/class_408;method_25394(Lnet/minecraft/class_4587;IIF)V"},"inertia/XTUO/oIuQ":{"getCollisionShape":"Lnet/minecraft/class_2404;method_9549(Lnet/minecraft/class_2680;Lnet/minecraft/class_1922;Lnet/minecraft/class_2338;Lnet/minecraft/class_3726;)Lnet/minecraft/class_265;","getOutlineShape":"Lnet/minecraft/class_2404;method_9530(Lnet/minecraft/class_2680;Lnet/minecraft/class_1922;Lnet/minecraft/class_2338;Lnet/minecraft/class_3726;)Lnet/minecraft/class_265;"},"inertia/XTUO/FwZI":{"getTeamColorValue":"Lnet/minecraft/class_1297;method_22861()I","getTargetingMargin":"Lnet/minecraft/class_1297;method_5871()F"},"inertia/XTUO/kCGc":{"HEALTH":"field_6247:Lnet/minecraft/class_2940;"},"inertia/XTUO/fJiN":{"jumpStrength":"field_6976:F"},"inertia/XTUO/OCsK":{"pressed":"field_1653:Z","boundKey":"field_1655:Lnet/minecraft/class_3675$class_306;"},"inertia/XTUO/pIPx":{"lastCameraY":"field_18722:F","update":"method_19321(Lnet/minecraft/class_1922;Lnet/minecraft/class_1297;ZZF)V","cameraY":"field_18721:F"},"inertia/XTUO/WMUE":{"render":"Lnet/minecraft/class_425;method_25394(Lnet/minecraft/class_4587;IIF)V"},"inertia/XTUO/Dgui":{"colorSwapped":"field_7962:I"},"inertia/XTUO/NGNp":{"field_3922":"field_3922:F"},"inertia/XTUO/xXFf":{"renderHotbar":"Lnet/minecraft/class_329;method_1759(FLnet/minecraft/class_4587;)V","renderPumpkinOverlay":"Lnet/minecraft/class_329;method_1761()V","renderPortalOverlay":"Lnet/minecraft/class_329;method_1746(F)V","renderStatusEffectOverlay":"Lnet/minecraft/class_329;method_1765(Lnet/minecraft/class_4587;)V","render":"Lnet/minecraft/class_329;method_1753(Lnet/minecraft/class_4587;F)V","Lnet/minecraft/client/options/GameOptions;hudHidden:Z":"Lnet/minecraft/class_315;field_1842:Z","renderScoreboardSidebar":"Lnet/minecraft/class_329;method_1757(Lnet/minecraft/class_4587;Lnet/minecraft/class_266;)V"},"inertia/XTUO/iDgy":{"drawBackground":"Lnet/minecraft/class_490;method_2389(Lnet/minecraft/class_4587;FII)V","com/mojang/blaze3d/platform/GlStateManager.color4f(FFFF)V":"Lnet/minecraft/class_4493;method_22000(FFFF)V","render":"Lnet/minecraft/class_490;method_25394(Lnet/minecraft/class_4587;IIF)V"},"inertia/XTUO/QvIe":{"disconnect":"Lnet/minecraft/class_638;method_8525()V","doRandomBlockDisplayTicks":"Lnet/minecraft/class_638;method_2941(III)V","Lnet/minecraft/client/world/ClientWorld;randomBlockDisplayTick(IIIILjava/util/Random;ZLnet/minecraft/util/math/BlockPos$Mutable;)V":"Lnet/minecraft/class_638;method_2943(IIIILjava/util/Random;ZLnet/minecraft/class_2338$class_2339;)V"}}}}