{"required":true,"compatibilityLevel":"JAVA_8","package":"inertia.XTUO","refmap":"mixins.inertia.refmap.json","minVersion":"0","mixins":["vIkl","kCGc","Tmfo","MOyc","qkTv","oIaA","GYVL","WoBC","udkc","LrYI","Uzvo","lBlA","FSfU","WFiE","OmmP","OxRK","OCsK","gVpz","eUCX","qmps","SRlW","xrTn","hBns","SxgY","YaqD","svRt","OVph","vRuF","KBLT","ZGak","zueQ","zHyC","ciCi","eViY","GwRr","pEWC","bUGs","KRFO","JxDJ","Dgui","bCdz","tFmd","qmZS","rqVl","pzMx","wfcI","gDWF","QvIe","tcTv","YxNV","lLpS","IrIp","BioT","AYjZ","vJUb","jNim","DvIR","mTmO","hSaa","KcFf","gixc","NGNp","oIuQ","fJiN","YJVt","yBQG","sKeJ","rCWK","fUwc","xOeQ","gLZK","NJPO","lYBf","fpAl","pkKL","xipR","PZpn","LJMJ","HnOg","DisM","zblK","FwZI","ZVeq","xhHV","ahuX","WMUE","Ldkg","OeSq","SZJW","hIbd","zInK","IObr","MEkd","UbCs","yZHi","sqXO","VXLU","DRne","bebc","ENlO","hXWd","lRXQ","vpEE","TBpK","cGtq","tQDk","jOVv","SaNs","pIPx","xXFf","VLfG"]}